{"cameraMode":{"drawMode":0,"name":"Shaded","section":"Shading Mode"},"sceneLighting":true,"audioPlay":false,"sceneViewState":{"showFog":true,"showMaterialUpdate":false,"showSkybox":true,"showFlares":true,"showImageEffects":true,"showParticleSystems":true},"in2DMode":false,"pivot":{"x":0.009256673976778984,"y":0.6176204681396484,"z":2.7151038646698},"rotation":{"x":0.523877739906311,"y":0.002556120278313756,"z":-0.0015706807607784868,"w":0.8517925143241882},"size":7.962064266204834,"orthographic":false}